Fiyat_Listesi_Adi;Hizmet_Adi;Birim;Standart_Birim_Fiyat_TL
TL Fiyat Listesi;Palo Alto - Sanal Dedike Appliance -  2 vCPU - ATP Lisans - Yönetim Dahil - 1 Yıl;Adet;132700.33
USD Fiyat Listesi;Palo Alto - Sanal Dedike Appliance -  2 vCPU - ATP Lisans - Yönetim Dahil - 1 Yıl;Adet;2965.47
Euro Fiyat Listesi;Palo Alto - Sanal Dedike Appliance -  2 vCPU - ATP Lisans - Yönetim Dahil - 1 Yıl;Adet;2516.61
TL Fiyat Listesi;Dummy Product;Adet;44.75
Euro Fiyat Listesi;Dummy Product;Adet;0.85
USD Fiyat Listesi;Dummy Product;Adet;1.0
Euro Fiyat Listesi;Dummy License;Adet;0.85
TL Fiyat Listesi;Dummy License;Adet;44.75
USD Fiyat Listesi;Dummy License;Adet;1.0
USD Fiyat Listesi;Palo Alto - Sanal Dedike Appliance -  2 vCPU - ATP Lisans - Yönetim Dahil - 12 Ay Taahhütlü - Aylık;Adet;333.62
TL Fiyat Listesi;Palo Alto - Sanal Dedike Appliance -  2 vCPU - ATP Lisans - Yönetim Dahil - 12 Ay Taahhütlü - Aylık;Adet;14928.99
Euro Fiyat Listesi;Palo Alto - Sanal Dedike Appliance -  2 vCPU - ATP Lisans - Yönetim Dahil - 12 Ay Taahhütlü - Aylık;Adet;283.12
USD Fiyat Listesi;SAP Hana Storage;GB;0.04
TL Fiyat Listesi;SAP Hana Storage;GB;1.79
Euro Fiyat Listesi;SAP Hana Storage;GB;0.03
TL Fiyat Listesi;Remote Backup Hizmeti (Nutanix);GB;1.79
USD Fiyat Listesi;Remote Backup Hizmeti (Nutanix);GB;0.04
Euro Fiyat Listesi;Remote Backup Hizmeti (Nutanix);GB;0.03
USD Fiyat Listesi;Public Cloud - Accelerated_CH24s_v6;Adet;5320.37
USD Fiyat Listesi;Public Cloud - Accelerated_CH48s_v6;Adet;10640.73
TL Fiyat Listesi;Public Cloud - Accelerated_CH24s_v6;Adet;238078.58
Euro Fiyat Listesi;Public Cloud - Accelerated_CH24s_v6;Adet;4515.07
TL Fiyat Listesi;Public Cloud - Accelerated_CH48s_v6;Adet;476156.71
Euro Fiyat Listesi;Public Cloud - Accelerated_CH48s_v6;Adet;9030.13
TL Fiyat Listesi;Fiziksel USB Port;Adet;708.82
USD Fiyat Listesi;Fiziksel USB Port;Adet;15.84
Euro Fiyat Listesi;Fiziksel USB Port;Adet;13.44
USD Fiyat Listesi;FortiGate Client to Site VPN Kullanıcı Lisansı;Adet;2.3
TL Fiyat Listesi;FortiGate Client to Site VPN Kullanıcı Lisansı;Adet;102.92
Euro Fiyat Listesi;FortiGate Client to Site VPN Kullanıcı Lisansı;Adet;1.95
USD Fiyat Listesi;FortiGate FG-VM02V UTP 36 Ay;Adet;297.0
TL Fiyat Listesi;FortiGate FG-VM02V UTP 36 Ay;Adet;13290.3
Euro Fiyat Listesi;FortiGate FG-VM02V UTP 36 Ay;Adet;252.05
USD Fiyat Listesi;Sophos XG - Sanal Dedike Appliance - 2 vCPU - Standard Protection Lisans - Yönetim Dahil;Adet;287.61
Euro Fiyat Listesi;Sophos XG - Sanal Dedike Appliance - 2 vCPU - Standard Protection Lisans - Yönetim Dahil;Adet;244.08
TL Fiyat Listesi;Sophos XG - Sanal Dedike Appliance - 2 vCPU - Standard Protection Lisans - Yönetim Dahil;Adet;12870.12
USD Fiyat Listesi;Sophos XG-Sanal Dedike Appliance-2 vCPU-Xstream with WAF and Email Protection Lisans-Yönetim Dahil;Adet;403.69
Euro Fiyat Listesi;Sophos XG-Sanal Dedike Appliance-2 vCPU-Xstream with WAF and Email Protection Lisans-Yönetim Dahil;Adet;342.59
TL Fiyat Listesi;Sophos XG-Sanal Dedike Appliance-2 vCPU-Xstream with WAF and Email Protection Lisans-Yönetim Dahil;Adet;18064.52
USD Fiyat Listesi;Sophos XG (EV) – 2 vCPU - Sanal Dedike Firewall Yönetim Hizmeti;Adet;107.37
TL Fiyat Listesi;Sophos XG (EV) – 2 vCPU - Sanal Dedike Firewall Yönetim Hizmeti;Adet;4804.65
Euro Fiyat Listesi;Sophos XG (EV) – 2 vCPU - Sanal Dedike Firewall Yönetim Hizmeti;Adet;91.12
TL Fiyat Listesi;McAfee SIEM Hizmeti - Log Kaynağı (1-10);Adet;25346.0
USD Fiyat Listesi;McAfee SIEM Hizmeti - Log Kaynağı (1-10);Adet;566.41
Euro Fiyat Listesi;McAfee SIEM Hizmeti - Log Kaynağı (1-10);Adet;480.68
TL Fiyat Listesi;Felaket Kurtarma (DR) Yönetim Hizmeti;Adet;1859.3
Euro Fiyat Listesi;Felaket Kurtarma (DR) Yönetim Hizmeti;Adet;35.26
USD Fiyat Listesi;Felaket Kurtarma (DR) Yönetim Hizmeti;Adet;41.55
USD Fiyat Listesi;Public Cloud - Accelerated_CH192s_v6;Adet;12500.0
TL Fiyat Listesi;Public Cloud - Accelerated_CH192s_v6;Adet;559356.25
Euro Fiyat Listesi;Public Cloud - Accelerated_CH192s_v6;Adet;10607.97
TL Fiyat Listesi;Zerto Enterprise Cloud Edition License;Adet;1543.82
USD Fiyat Listesi;Zerto Enterprise Cloud Edition License;Adet;34.5
Euro Fiyat Listesi;Zerto Enterprise Cloud Edition License;Adet;29.28
USD Fiyat Listesi;Veeam Backup & Replication Enterprise Lisansı;per VM;8.91
Euro Fiyat Listesi;Veeam Backup & Replication Enterprise Lisansı;per VM;7.56
TL Fiyat Listesi;Veeam Backup & Replication Enterprise Lisansı;per VM;398.71
USD Fiyat Listesi;Veeam Backup & Replication Enterprise Plus Lisansı;per VM;10.89
Euro Fiyat Listesi;Veeam Backup & Replication Enterprise Plus Lisansı;per VM;9.24
TL Fiyat Listesi;Veeam Backup & Replication Enterprise Plus Lisansı;per VM;487.31
USD Fiyat Listesi;Cross Connection Port Hizmeti;Adet;201.25
Euro Fiyat Listesi;Cross Connection Port Hizmeti;Adet;170.79
TL Fiyat Listesi;Offsite Backup Disk Alanı (S3);GB;0.89
USD Fiyat Listesi;Offsite Backup Disk Alanı (S3);GB;0.02
Euro Fiyat Listesi;Offsite Backup Disk Alanı (S3);GB;0.02
TL Fiyat Listesi;FortiGate - Sanal Dedike Appliance - VM02 - ATP Lisans - Yönetim Dahil;Adet;14811.31
USD Fiyat Listesi;FortiGate - Sanal Dedike Appliance - VM02 - ATP Lisans - Yönetim Dahil;Adet;330.99
Euro Fiyat Listesi;FortiGate - Sanal Dedike Appliance - VM02 - ATP Lisans - Yönetim Dahil;Adet;280.89
TL Fiyat Listesi;FortiGate - Sanal Dedike Appliance - VM02 - UTP Lisans - Yönetim Dahil;Adet;16628.54
USD Fiyat Listesi;FortiGate - Sanal Dedike Appliance - VM02 - UTP Lisans - Yönetim Dahil;Adet;371.6
Euro Fiyat Listesi;FortiGate - Sanal Dedike Appliance - VM02 - UTP Lisans - Yönetim Dahil;Adet;315.35
TL Fiyat Listesi;FortiGate - Sanal Dedike Appliance - VM02 - FortiCare Lisans - Yönetim Dahil;Adet;12993.62
Euro Fiyat Listesi;FortiGate - Sanal Dedike Appliance - VM02 - FortiCare Lisans - Yönetim Dahil;Adet;246.42
USD Fiyat Listesi;FortiGate - Sanal Dedike Appliance - VM02 - FortiCare Lisans - Yönetim Dahil;Adet;290.37
USD Fiyat Listesi;CCSP-RH02823MO RedHat Enterprise Linux Server, Full Support (1 to 8 vCPUs per Virtual Node, Multi-Tenant, Monthly);Adet;11.2
USD Fiyat Listesi;CCSP-RH02825MO RedHat Enterprise Linux Server,Full Support(128 to unlimited vCPUs,Multi-Tenant,Monthly);Adet;7.28
USD Fiyat Listesi;CCSP-RH02824MO Red Hat Enterprise Linux Server, Full Support (9 to 127 vCPUs per Virtual Node, Multi-Tenant, Monthly);Adet;8.41
USD Fiyat Listesi;CCSP-RH02823 Red Hat Enterprise Linux Server, Full Support (1 to 8 vCPUs per Virtual Node, Multi-Tenant, Yearly);Adet;116.52
USD Fiyat Listesi;CCSP-MCT3027 Red Hat Satellite for Service Providers, Full Support (Managed Node, Monthly);Adet;6.33
TL Fiyat Listesi;Hyperconverged Mimari Zerto Replication vCpu;vCPU;73.39
USD Fiyat Listesi;Hyperconverged Mimari Zerto Replication vCpu;vCPU;1.64
Euro Fiyat Listesi;Hyperconverged Mimari Zerto Replication vCpu;vCPU;1.39
TL Fiyat Listesi;Hyperconverged Mimari Zerto Replication RAM;GB;51.46
USD Fiyat Listesi;Hyperconverged Mimari Zerto Replication RAM;GB;1.15
Euro Fiyat Listesi;Hyperconverged Mimari Zerto Replication RAM;GB;0.98
TL Fiyat Listesi;Hyperconverged Mimari Zerto Replication Disk - SSD Hybrid;GB;1.79
USD Fiyat Listesi;Hyperconverged Mimari Zerto Replication Disk - SSD Hybrid;GB;0.04
Euro Fiyat Listesi;Hyperconverged Mimari Zerto Replication Disk - SSD Hybrid;GB;0.03
TL Fiyat Listesi;Hyperconverged Mimari Zerto Replication Disk - SSD;GB;1.79
USD Fiyat Listesi;Hyperconverged Mimari Zerto Replication Disk - SSD;GB;0.04
Euro Fiyat Listesi;Hyperconverged Mimari Zerto Replication Disk - SSD;GB;0.03
TL Fiyat Listesi;Klasik Mimari Zerto Replication vCpu;vCPU;88.6
USD Fiyat Listesi;Klasik Mimari Zerto Replication vCpu;vCPU;1.98
Euro Fiyat Listesi;Klasik Mimari Zerto Replication vCpu;vCPU;1.68
TL Fiyat Listesi;Klasik Mimari Zerto Replication RAM;GB;25.95
USD Fiyat Listesi;Klasik Mimari Zerto Replication RAM;GB;0.58
Euro Fiyat Listesi;Klasik Mimari Zerto Replication RAM;GB;0.49
TL Fiyat Listesi;Klasik Mimari Zerto Replication Disk - NVMe;GB;7.16
USD Fiyat Listesi;Klasik Mimari Zerto Replication Disk - NVMe;GB;0.16
Euro Fiyat Listesi;Klasik Mimari Zerto Replication Disk - NVMe;GB;0.14
TL Fiyat Listesi;Mail Gateway Hizmeti;Adet;9468.78
USD Fiyat Listesi;Mail Gateway Hizmeti;Adet;211.6
Euro Fiyat Listesi;Mail Gateway Hizmeti;Adet;179.57
TL Fiyat Listesi;PostgreSQL Veritabanı Yönetimi-Gelişmiş;Adet;4376.85
Euro Fiyat Listesi;PostgreSQL Veritabanı Yönetimi-Gelişmiş;Adet;83.01
USD Fiyat Listesi;PostgreSQL Veritabanı Yönetimi-Gelişmiş;Adet;97.81
USD Fiyat Listesi;Offisite Yedekleme Hizmeti;GB;0.02
TL Fiyat Listesi;Offisite Yedekleme Hizmeti;GB;0.89
Euro Fiyat Listesi;Offisite Yedekleme Hizmeti;GB;0.02
USD Fiyat Listesi;Offsite Backup Disk Alanı (Veeam);GB;0.02
TL Fiyat Listesi;Offsite Backup Disk Alanı (Veeam);GB;0.89
Euro Fiyat Listesi;Offsite Backup Disk Alanı (Veeam);GB;0.02
USD Fiyat Listesi;Public Cloud - Accelerated_CH96s_v6;Adet;6250.0
TL Fiyat Listesi;Public Cloud - Accelerated_CH96s_v6;Adet;279678.13
Euro Fiyat Listesi;Public Cloud - Accelerated_CH96s_v6;Adet;5303.99
TL Fiyat Listesi;CSP - Office 365 E5;per User;1498.63
TL Fiyat Listesi;Ubuntu Pro + Infra Support (24/7) - Virtual;per VM;7167.37
TL Fiyat Listesi;Ubuntu Pro + Infra Support (weekday) - Virtual;per VM;2903.28
TL Fiyat Listesi;Ubuntu Pro + Support (24/7) - Virtual;per VM;11150.88
TL Fiyat Listesi;Ubuntu Pro + Support (weekday) - Virtual;per VM;5580.14
TL Fiyat Listesi;Bulutistan Destek Hizmeti 7x24;per VM;616.19
TL Fiyat Listesi;Citrix Sanal Appliance – Dedike WAF & LB – 200 Mbps (HA);Adet;68819.17
TL Fiyat Listesi;Citrix Sanal Appliance – Dedike WAF & LB – 1 Gbps (HA);Adet;110966.88
TL Fiyat Listesi;Citrix Sanal Appliance – Dedike WAF & LB – 5 Gbps (HA);Adet;201865.41
TL Fiyat Listesi;Citrix Sanal Appliance – Dedike WAF & LB – Yönetim Hizmeti;Adet;26636.1
TL Fiyat Listesi;Citrix Sanal Appliance – Paylaşımlı Load Balancer – 50 Mbps (HA) + Yönetim Hizmeti;Adet;36277.16
TL Fiyat Listesi;Citrix Sanal Appliance – Paylaşımlı Load Balancer – 100 Mbps (HA) + Yönetim Hizmeti;Adet;36595.77
TL Fiyat Listesi;Citrix Sanal Appliance – Paylaşımlı Load Balancer – 200 Mbps (HA) + Yönetim Hizmeti;Adet;37232.54
TL Fiyat Listesi;Citrix Sanal Appliance – Paylaşımlı WAF & LB – 50 Mbps (HA) + Yönetim Hizmeti;Adet;44267.9
TL Fiyat Listesi;Citrix Sanal Appliance – Paylaşımlı WAF & LB – 100 Mbps (HA) + Yönetim Hizmeti;Adet;44586.51
TL Fiyat Listesi;Citrix Sanal Appliance – Paylaşımlı WAF & LB – 200 Mbps (HA) + Yönetim Hizmeti;Adet;45223.28
TL Fiyat Listesi;Cloud DNS Hizmeti;per Domain;29.53
TL Fiyat Listesi;cPanel Admin Lisansı (Up to 5 Accounts);Adet;1852.14
TL Fiyat Listesi;cPanel Premier Lisansı (Up to 100 Accounts);Adet;3601.81
TL Fiyat Listesi;cPanel Pro Lisansı (Up to 30 Accounts);Adet;2778.43
TL Fiyat Listesi;cPanel Solo Lisansı (1 Account);Adet;1543.38
TL Fiyat Listesi;Cross Connection Port Hizmeti;Adet;9005.64
TL Fiyat Listesi;FortiGate 100F Fiziksel Dedike Firewall;Adet;47986.05
TL Fiyat Listesi;FortiGate Fiziksel Dedike Firewall Yönetim Hizmeti;Adet;9317.98
TL Fiyat Listesi;FortiGate FG-VM01V UTP 12 Ay;Adet;17895.82
USD Fiyat Listesi;CSP - Microsoft Visio Plan 2;per User;17.05
USD Fiyat Listesi;CSP - Office 365 E1;per User;7.73
USD Fiyat Listesi;CSP - Office 365 E3;per User;16.43
USD Fiyat Listesi;CSP - Office 365 E5;per User;33.49
USD Fiyat Listesi;Ubuntu Pro + Infra Support (24/7) - Virtual;per VM;160.17
USD Fiyat Listesi;Ubuntu Pro + Infra Support (weekday) - Virtual;per VM;64.88
USD Fiyat Listesi;Ubuntu Pro + Support (24/7) - Virtual;per VM;249.19
USD Fiyat Listesi;Ubuntu Pro + Support (weekday) - Virtual;per VM;124.7
USD Fiyat Listesi;Bulutistan Destek Hizmeti 7x24;per VM;13.77
USD Fiyat Listesi;Citrix Sanal Appliance – Dedike WAF & LB – 200 Mbps (HA);Adet;1537.91
USD Fiyat Listesi;Citrix Sanal Appliance – Dedike WAF & LB – 1 Gbps (HA);Adet;2479.79
USD Fiyat Listesi;Citrix Sanal Appliance – Dedike WAF & LB – 5 Gbps (HA);Adet;4511.11
USD Fiyat Listesi;Citrix Sanal Appliance – Dedike WAF & LB – Yönetim Hizmeti;Adet;595.24
USD Fiyat Listesi;Citrix Sanal Appliance – Paylaşımlı Load Balancer – 50 Mbps (HA) + Yönetim Hizmeti;Adet;810.69
USD Fiyat Listesi;Citrix Sanal Appliance – Paylaşımlı Load Balancer – 100 Mbps (HA) + Yönetim Hizmeti;Adet;817.81
USD Fiyat Listesi;Citrix Sanal Appliance – Paylaşımlı Load Balancer – 200 Mbps (HA) + Yönetim Hizmeti;Adet;832.04
USD Fiyat Listesi;Citrix Sanal Appliance – Paylaşımlı WAF & LB – 50 Mbps (HA) + Yönetim Hizmeti;Adet;989.26
USD Fiyat Listesi;Citrix Sanal Appliance – Paylaşımlı WAF & LB – 100 Mbps (HA) + Yönetim Hizmeti;Adet;996.38
USD Fiyat Listesi;Citrix Sanal Appliance – Paylaşımlı WAF & LB – 200 Mbps (HA) + Yönetim Hizmeti;Adet;1010.61
USD Fiyat Listesi;Cloud DNS Hizmeti;per Domain;0.66
USD Fiyat Listesi;cPanel Admin Lisansı (Up to 5 Accounts);Adet;41.39
USD Fiyat Listesi;cPanel Premier Lisansı (Up to 100 Accounts);Adet;80.49
USD Fiyat Listesi;cPanel Pro Lisansı (Up to 30 Accounts);Adet;62.09
USD Fiyat Listesi;cPanel Solo Lisansı (1 Account);Adet;34.49
USD Fiyat Listesi;FortiGate Fiziksel Dedike Firewall Yönetim Hizmeti;Adet;208.23
USD Fiyat Listesi;FortiGate FG-VM01V UTP 12 Ay;Adet;399.92
USD Fiyat Listesi;FortiGate FG-VM02V UTP 12 Ay;Adet;408.14
USD Fiyat Listesi;FortiGate FG-VM04V UTP 12 Ay;Adet;763.4
USD Fiyat Listesi;FortiGate FG-VM08V UTP 12 Ay;Adet;1995.37
USD Fiyat Listesi;FortiGate - Sanal Dedike Appliance - VM01 - FortiCare Lisans - Yönetim Dahil;Adet;186.75
USD Fiyat Listesi;Hyperconverged İmaj Yedekleme Hizmeti;GB;0.04
USD Fiyat Listesi;Hyperconverged Mimari Intel CPU;vCPU;4.93
USD Fiyat Listesi;Hyperconverged Mimari Intel CPU - DR;vCPU;1.64
USD Fiyat Listesi;Hyperconverged Mimari Intel Disk - SSD;GB;0.04
USD Fiyat Listesi;Hyperconverged Mimari Intel Disk - SSD - DR;GB;0.04
USD Fiyat Listesi;Hyperconverged Mimari Intel Disk - SSD Hybrid;GB;0.04
USD Fiyat Listesi;Hyperconverged Mimari Intel Disk - SSD Hybrid - DR;GB;0.04
USD Fiyat Listesi;Hyperconverged Mimari Intel RAM;GB;3.44
USD Fiyat Listesi;Hyperconverged Mimari Intel RAM - DR;GB;1.15
USD Fiyat Listesi;IBM ICOS S3 Ankara;TB;16.38
USD Fiyat Listesi;IBM ICOS S3 İstanbul;TB;16.38
USD Fiyat Listesi;Klasik Mimari Intel CPU;vCPU;6.47
USD Fiyat Listesi;Klasik Mimari Intel CPU - DR;vCPU;1.98
USD Fiyat Listesi;Klasik Mimari Intel Disk - NVMe;GB;0.16
USD Fiyat Listesi;Klasik Mimari Intel Disk - NVMe - DR;GB;0.16
USD Fiyat Listesi;Klasik Mimari Intel RAM;GB;1.89
USD Fiyat Listesi;Klasik Mimari Intel RAM - DR;GB;0.58
USD Fiyat Listesi;Data Switch Port ve SFP Hizmeti;Adet;85.32
USD Fiyat Listesi;Management Switch Port Hizmeti;Adet;16.92
USD Fiyat Listesi;Plesk Web Admin Edition VPS (10 Domains);Adet;19.54
USD Fiyat Listesi;Plesk Web Host Edition VPS (Unlimited Domains);Adet;72.44
USD Fiyat Listesi;Plesk Web Pro Edition VPS (30 Domains);Adet;34.49
USD Fiyat Listesi;Premium Monitoring Hizmeti;per VM;20.43
USD Fiyat Listesi;Public IPv4 Blok /24 - 256 Adet IP;Adet;1218.16
USD Fiyat Listesi;Public IPv4 Blok /25 - 128 Adet IP;Adet;609.08
USD Fiyat Listesi;Public IPv4 Blok /26 - 64 Adet IP;Adet;304.54
USD Fiyat Listesi;Public IPv4 Blok /27 - 32 Adet IP;Adet;152.27
USD Fiyat Listesi;Public IPv4 Blok /28 - 16 Adet IP;Adet;76.14
USD Fiyat Listesi;Public IPv4 Blok /29 - 8 Adet IP;Adet;38.07
USD Fiyat Listesi;Public IPv4 Blok /30 - 4 Adet IP;Adet;19.03
USD Fiyat Listesi;Public IPv4 Blok /31 - 2 Adet IP;Adet;9.52
USD Fiyat Listesi;Public IPv4 Blok /32 - 1 Adet IP;Adet;4.76
USD Fiyat Listesi;Public IPv6 Blok  /48;Adet;19.03
USD Fiyat Listesi;Public IPv6 Blok /56;Adet;9.52
USD Fiyat Listesi;Public IPv6 Blok /64;Adet;4.76
USD Fiyat Listesi;Public IPv6 Blok /120;Adet;2.38
USD Fiyat Listesi;Public IPv6 Yönlendirme Hizmeti (Only /48 Blok);Adet;44.64
USD Fiyat Listesi;SAP Intel HANA CPU;vCPU;6.47
USD Fiyat Listesi;SAP Intel HANA RAM;GB;1.89
USD Fiyat Listesi;SAP Intel HANA Storage - Nvme;GB;0.19
USD Fiyat Listesi;SAP Intel HANA Storage - SSD;GB;0.1
USD Fiyat Listesi;SAP Intel HANA Storage - SSD Hybrid;GB;0.1
USD Fiyat Listesi;SAP Power HANA CPU;Core;144.01
USD Fiyat Listesi;SAP Power HANA RAM;GB;3.6
USD Fiyat Listesi;SAP Power HANA Storage - NVMe;GB;0.05
USD Fiyat Listesi;SAP Power HANA Storage - SSD;GB;0.1
USD Fiyat Listesi;SAP Power HANA Storage - SSD Hybrid;GB;0.1
USD Fiyat Listesi;Sophos Load Balancer - HTTP/S;Adet;9.68
USD Fiyat Listesi;Sophos Load Balancer;Adet;8.62
USD Fiyat Listesi;Sophos SSL VPN;per User;0.03
USD Fiyat Listesi;Sophos UTM Firewall ve Yönetim Hizmeti;Adet;11.73
USD Fiyat Listesi;Sophos UTM Sanal Dedike Firewall ve Yönetim Hizmeti;Adet;11.73
USD Fiyat Listesi;Sophos UTM Sanal Dedike Firewall ve Yönetim Hizmeti - Per VM;Adet;11.73
USD Fiyat Listesi;Sophos WAF;Adet;5.28
USD Fiyat Listesi;Standart DDoS Hizmeti (L3);Mbit;2.52
USD Fiyat Listesi;Standart Intel Linux İşletim Sistemi Yönetim Hizmeti;per VM;24.1
USD Fiyat Listesi;Standart Monitoring Hizmeti;per VM;11.64
USD Fiyat Listesi;Standart Windows İşletim Sistemi Yönetim Hizmeti;per VM;24.1
USD Fiyat Listesi;SUSE for SAP HANA on Intel Yönetim Hizmeti;per VM;55.08
USD Fiyat Listesi;SUSE for SAP HANA on Power Yönetim Hizmeti;per VM;55.08
USD Fiyat Listesi;Uygulama Yedekleme Hizmeti (Veritas NetBackup);GB;0.04
USD Fiyat Listesi;Veeam Cloud Connect Backup Lisansı (Customer Does Not Have Veeam);per VM;9.11
USD Fiyat Listesi;Veeam Cloud Connect Backup Lisansı (Customer Has Veeam);per VM;5.06
USD Fiyat Listesi;Klasik Mimari Veeam Replication Disk - NVMe;GB;0.16
USD Fiyat Listesi;Veeam Cloud Connect Replication Lisansı (Customer does not have Veeam);per VM;19.24
USD Fiyat Listesi;Veeam Cloud Connect Replication Lisansı (Customer Has Veeam);per VM;10.13
USD Fiyat Listesi;Klasik Mimari Veeam Replication RAM;GB;0.58
USD Fiyat Listesi;Klasik Mimari Veeam Replication vCpu;vCPU;1.98
USD Fiyat Listesi;Veeam Replikasyon Yönetim Hizmeti;Adet;20.66
USD Fiyat Listesi;Veri Merkezi Erişim Hizmeti;Mbit;5.05
USD Fiyat Listesi;Hyperconverged Mimari Veeam Replication Disk - SSD;GB;0.04
USD Fiyat Listesi;Hyperconverged Mimari Veeam Replication Disk - SSD Hybrid;GB;0.04
USD Fiyat Listesi;Hyperconverged Mimari Veeam Replication RAM;GB;1.15
USD Fiyat Listesi;Hyperconverged Mimari Veeam Replication vCpu;vCPU;1.64
USD Fiyat Listesi;Zerto Replikasyon Yönetim Hizmeti;Adet;20.66
Euro Fiyat Listesi;Veeam Backup & Replication Standard Lisansı;per VM;4.2
Euro Fiyat Listesi;CSP - Exchange Online (Plan 1);per User;3.86
Euro Fiyat Listesi;CSP - Exchange Online (Plan 2);per User;7.72
Euro Fiyat Listesi;CSP - Exchange Online Kiosk;per User;1.93
Euro Fiyat Listesi;SPLA - MS Project Professional Lisans(Project Professional ALng LSA SAL w/1 Project Server SAL);Adet;32.72
Euro Fiyat Listesi;SPLA - Microsoft Project Standard Lisans (Project Standard ALng LSA SAL);Adet;19.48
Euro Fiyat Listesi;SPLA - MS SQL Server Enterprise Edition 2 Core Lisans (SQL Server Enterprise Core ALng LSA 2L);Adet;592.77
Euro Fiyat Listesi;SPLA - MS SQL Server Standart Edition 2 Core Lisans (SQL Server Standard Core ALng LSA 2L);Adet;157.44
Euro Fiyat Listesi;SPLA - MS SQL Server Web Edition 2 Core Lisans (SQL Server Web ALng LSA 2L Core);Adet;9.84
Euro Fiyat Listesi;SPLA - MS Windows Server Datacenter Editon 2 Core Lisans (Win Server DC Core ALng LSA 2L);Adet;36.81
Euro Fiyat Listesi;SPLA - MS Windows Server Standard Editon 2 Core Lisans (Win Server Standard Core ALng LSA 2L);Adet;5.3
Euro Fiyat Listesi;SPLA - RDP Kullanıcı Lisans - RDS User CAL (Win Remote Desktop Services SAL ALng LSA SAL);Adet;6.96
Euro Fiyat Listesi;SPLA -Exchange Enterprise SAL (Exchange Enterprise SAL ALng LSA SAL);Adet;3.69
Euro Fiyat Listesi;SPLA -Exchange Standard SAL (Exchange Standard SAL ALng LSA SAL);Adet;2.28
Euro Fiyat Listesi;CSP - Microsoft 365 Apps for Business;per User;8.01
Euro Fiyat Listesi;CSP - Microsoft 365 Apps for Enterprise;per User;11.58
Euro Fiyat Listesi;CSP - Microsoft 365 Business Basic;per User;5.79
Euro Fiyat Listesi;CSP-Microsoft 365 Business Premium;per User;21.22
Euro Fiyat Listesi;CSP - Microsoft 365 Business Standard;per User;12.06
Euro Fiyat Listesi;CSP - Microsoft 365 E3;per User;26.49
Euro Fiyat Listesi;CSP - Microsoft 365 E5;per User;46.76
Euro Fiyat Listesi;CSP - Microsoft 365 F3;per User;7.72
Euro Fiyat Listesi;CSP - Microsoft Defender for Office 365 (Plan 1);per User;1.93
Euro Fiyat Listesi;CSP - Microsoft Teams Essentials;per User;3.86
Euro Fiyat Listesi;CSP - Microsoft Visio Plan 1;per User;4.82
Euro Fiyat Listesi;CSP - Microsoft Visio Plan 2;per User;14.47
Euro Fiyat Listesi;CSP - Office 365 E1;per User;6.56
Euro Fiyat Listesi;CSP - Office 365 E3;per User;13.94
Euro Fiyat Listesi;CSP - Office 365 E5;per User;28.42
Euro Fiyat Listesi;Ubuntu Pro + Infra Support (24/7) - Virtual;per VM;135.93
Euro Fiyat Listesi;Ubuntu Pro + Infra Support (weekday) - Virtual;per VM;55.06
Euro Fiyat Listesi;Ubuntu Pro + Support (24/7) - Virtual;per VM;211.47
Euro Fiyat Listesi;Ubuntu Pro + Support (weekday) - Virtual;per VM;105.83
Euro Fiyat Listesi;Bulutistan Destek Hizmeti 7x24;per VM;11.69
Euro Fiyat Listesi;Citrix Sanal Appliance – Dedike WAF & LB – 200 Mbps (HA);Adet;1305.13
Euro Fiyat Listesi;Citrix Sanal Appliance – Dedike WAF & LB – 1 Gbps (HA);Adet;2104.44
Euro Fiyat Listesi;Citrix Sanal Appliance – Dedike WAF & LB – 5 Gbps (HA);Adet;3828.3
Euro Fiyat Listesi;Citrix Sanal Appliance – Dedike WAF & LB – Yönetim Hizmeti;Adet;505.14
Euro Fiyat Listesi;Citrix Sanal Appliance – Paylaşımlı Load Balancer – 50 Mbps (HA) + Yönetim Hizmeti;Adet;687.98
Euro Fiyat Listesi;Citrix Sanal Appliance – Paylaşımlı Load Balancer – 100 Mbps (HA) + Yönetim Hizmeti;Adet;694.02
Euro Fiyat Listesi;Citrix Sanal Appliance – Paylaşımlı Load Balancer – 200 Mbps (HA) + Yönetim Hizmeti;Adet;706.1
Euro Fiyat Listesi;Citrix Sanal Appliance – Paylaşımlı WAF & LB – 50 Mbps (HA) + Yönetim Hizmeti;Adet;839.52
Euro Fiyat Listesi;Citrix Sanal Appliance – Paylaşımlı WAF & LB – 100 Mbps (HA) + Yönetim Hizmeti;Adet;845.57
Euro Fiyat Listesi;Citrix Sanal Appliance – Paylaşımlı WAF & LB – 200 Mbps (HA) + Yönetim Hizmeti;Adet;857.64
Euro Fiyat Listesi;Cloud DNS Hizmeti;per Domain;0.56
Euro Fiyat Listesi;cPanel Admin Lisansı (Up to 5 Accounts);Adet;35.13
Euro Fiyat Listesi;cPanel Premier Lisansı (Up to 100 Accounts);Adet;68.31
Euro Fiyat Listesi;cPanel Pro Lisansı (Up to 30 Accounts);Adet;52.69
Euro Fiyat Listesi;cPanel Solo Lisansı (1 Account);Adet;29.27
Euro Fiyat Listesi;FortiGate Fiziksel Dedike Firewall Yönetim Hizmeti;Adet;176.71
Euro Fiyat Listesi;FortiGate FG-VM01V UTP 12 Ay;Adet;339.39
Euro Fiyat Listesi;FortiGate FG-VM02V UTP 12 Ay;Adet;346.36
Euro Fiyat Listesi;FortiGate FG-VM04V UTP 12 Ay;Adet;647.85
Euro Fiyat Listesi;FortiGate FG-VM08V UTP 12 Ay;Adet;1693.35
Euro Fiyat Listesi;FortiGate - Sanal Dedike Appliance - VM01 - FortiCare Lisans - Yönetim Dahil;Adet;158.48
Euro Fiyat Listesi;Hyperconverged İmaj Yedekleme Hizmeti;GB;0.03
Euro Fiyat Listesi;Hyperconverged Mimari Intel CPU;vCPU;4.18
Euro Fiyat Listesi;Hyperconverged Mimari Intel CPU - DR;vCPU;1.39
Euro Fiyat Listesi;Hyperconverged Mimari Intel Disk - SSD;GB;0.03
Euro Fiyat Listesi;Hyperconverged Mimari Intel Disk - SSD - DR;GB;0.03
Euro Fiyat Listesi;Hyperconverged Mimari Intel Disk - SSD Hybrid;GB;0.03
Euro Fiyat Listesi;Hyperconverged Mimari Intel Disk - SSD Hybrid - DR;GB;0.03
Euro Fiyat Listesi;Hyperconverged Mimari Intel RAM;GB;2.92
Euro Fiyat Listesi;Hyperconverged Mimari Intel RAM - DR;GB;0.98
Euro Fiyat Listesi;IBM ICOS S3 Ankara;TB;13.9
Euro Fiyat Listesi;IBM ICOS S3 İstanbul;TB;13.9
Euro Fiyat Listesi;Klasik Mimari Intel CPU;vCPU;5.49
Euro Fiyat Listesi;Klasik Mimari Intel CPU - DR;vCPU;1.68
Euro Fiyat Listesi;Klasik Mimari Intel Disk - NVMe;GB;0.14
Euro Fiyat Listesi;Klasik Mimari Intel Disk - NVMe - DR;GB;0.14
Euro Fiyat Listesi;Klasik Mimari Intel RAM;GB;1.6
Euro Fiyat Listesi;Klasik Mimari Intel RAM - DR;GB;0.49
Euro Fiyat Listesi;Data Switch Port ve SFP Hizmeti;Adet;72.41
Euro Fiyat Listesi;Management Switch Port Hizmeti;Adet;14.36
Euro Fiyat Listesi;Plesk Web Admin Edition VPS (10 Domains);Adet;16.58
Euro Fiyat Listesi;Plesk Web Host Edition VPS (Unlimited Domains);Adet;61.48
Euro Fiyat Listesi;Plesk Web Pro Edition VPS (30 Domains);Adet;29.27
Euro Fiyat Listesi;Premium Monitoring Hizmeti;per VM;17.34
Euro Fiyat Listesi;Public IPv4 Blok /24 - 256 Adet IP;Adet;1033.78
Euro Fiyat Listesi;Public IPv4 Blok /25 - 128 Adet IP;Adet;516.89
Euro Fiyat Listesi;Public IPv4 Blok /26 - 64 Adet IP;Adet;258.44
Euro Fiyat Listesi;Public IPv4 Blok /27 - 32 Adet IP;Adet;129.22
Euro Fiyat Listesi;Public IPv4 Blok /28 - 16 Adet IP;Adet;64.62
Euro Fiyat Listesi;Public IPv4 Blok /29 - 8 Adet IP;Adet;32.31
Euro Fiyat Listesi;Public IPv4 Blok /30 - 4 Adet IP;Adet;16.15
Euro Fiyat Listesi;Public IPv4 Blok /31 - 2 Adet IP;Adet;8.08
Euro Fiyat Listesi;Public IPv4 Blok /32 - 1 Adet IP;Adet;4.04
Euro Fiyat Listesi;Public IPv6 Blok  /48;Adet;16.15
Euro Fiyat Listesi;Public IPv6 Blok /56;Adet;8.08
Euro Fiyat Listesi;Public IPv6 Blok /64;Adet;4.04
Euro Fiyat Listesi;Public IPv6 Blok /120;Adet;2.02
Euro Fiyat Listesi;Public IPv6 Yönlendirme Hizmeti (Only /48 Blok);Adet;37.88
Euro Fiyat Listesi;SAP Intel HANA CPU;vCPU;5.49
Euro Fiyat Listesi;SAP Intel HANA RAM;GB;1.6
Euro Fiyat Listesi;SAP Intel HANA Storage - Nvme;GB;0.16
Euro Fiyat Listesi;SAP Intel HANA Storage - SSD;GB;0.08
Euro Fiyat Listesi;SAP Intel HANA Storage - SSD Hybrid;GB;0.08
Euro Fiyat Listesi;SAP Power HANA CPU;Core;122.21
Euro Fiyat Listesi;SAP Power HANA RAM;GB;3.06
Euro Fiyat Listesi;SAP Power HANA Storage - NVMe;GB;0.04
Euro Fiyat Listesi;SAP Power HANA Storage - SSD;GB;0.08
Euro Fiyat Listesi;SAP Power HANA Storage - SSD Hybrid;GB;0.08
Euro Fiyat Listesi;Sophos Load Balancer - HTTP/S;Adet;8.21
Euro Fiyat Listesi;Sophos Load Balancer;Adet;7.32
Euro Fiyat Listesi;Sophos SSL VPN;per User;0.03
Euro Fiyat Listesi;Sophos UTM Firewall ve Yönetim Hizmeti;Adet;9.95
Euro Fiyat Listesi;Sophos UTM Sanal Dedike Firewall ve Yönetim Hizmeti;Adet;9.95
Euro Fiyat Listesi;Sophos UTM Sanal Dedike Firewall ve Yönetim Hizmeti - Per VM;Adet;9.95
Euro Fiyat Listesi;Sophos WAF;Adet;4.48
Euro Fiyat Listesi;Standart DDoS Hizmeti (L3);Mbit;2.14
Euro Fiyat Listesi;Standart Intel Linux İşletim Sistemi Yönetim Hizmeti;per VM;20.45
Euro Fiyat Listesi;Standart Monitoring Hizmeti;per VM;9.88
Euro Fiyat Listesi;Standart Windows İşletim Sistemi Yönetim Hizmeti;per VM;20.45
Euro Fiyat Listesi;SUSE for SAP HANA on Intel Yönetim Hizmeti;per VM;46.74
Euro Fiyat Listesi;SUSE for SAP HANA on Power Yönetim Hizmeti;per VM;46.74
Euro Fiyat Listesi;Uygulama Yedekleme Hizmeti (Veritas NetBackup);GB;0.03
Euro Fiyat Listesi;Veeam Cloud Connect Backup Lisansı (Customer Does Not Have Veeam);per VM;7.73
Euro Fiyat Listesi;Veeam Cloud Connect Backup Lisansı (Customer Has Veeam);per VM;4.29
Euro Fiyat Listesi;Klasik Mimari Veeam Replication Disk - NVMe;GB;0.14
Euro Fiyat Listesi;Veeam Cloud Connect Replication Lisansı (Customer does not have Veeam);per VM;16.33
Euro Fiyat Listesi;Veeam Cloud Connect Replication Lisansı (Customer Has Veeam);per VM;8.6
Euro Fiyat Listesi;Klasik Mimari Veeam Replication RAM;GB;0.49
Euro Fiyat Listesi;Klasik Mimari Veeam Replication vCpu;vCPU;1.68
Euro Fiyat Listesi;Veeam Replikasyon Yönetim Hizmeti;Adet;17.53
Euro Fiyat Listesi;Veri Merkezi Erişim Hizmeti;Mbit;4.29
Euro Fiyat Listesi;Hyperconverged Mimari Veeam Replication Disk - SSD;GB;0.03
Euro Fiyat Listesi;Hyperconverged Mimari Veeam Replication Disk - SSD Hybrid;GB;0.03
Euro Fiyat Listesi;Hyperconverged Mimari Veeam Replication RAM;GB;0.98
Euro Fiyat Listesi;Hyperconverged Mimari Veeam Replication vCpu;vCPU;1.39
Euro Fiyat Listesi;Zerto Replikasyon Yönetim Hizmeti;Adet;17.53
TL Fiyat Listesi;SUSE Lisans Bedeli;Adet;10292.16
USD Fiyat Listesi;SUSE Lisans Bedeli;Adet;230.0
Euro Fiyat Listesi;SUSE Lisans Bedeli;Adet;195.19
TL Fiyat Listesi;FortiGate FG-VM02V UTP 12 Ay;Adet;18263.65
TL Fiyat Listesi;Veeam Backup & Replication Standard Lisansı;per VM;221.51
TL Fiyat Listesi;CPU-DR;vCPU;47.88
USD Fiyat Listesi;CPU-DR;vCPU;1.07
Euro Fiyat Listesi;CPU-DR;vCPU;0.91
TL Fiyat Listesi;RAM-DR;GB;27.3
USD Fiyat Listesi;RAM-DR;GB;0.61
Euro Fiyat Listesi;RAM-DR;GB;0.52
TL Fiyat Listesi;Disk - DR;GB;1.34
USD Fiyat Listesi;Disk - DR;GB;0.03
Euro Fiyat Listesi;Disk - DR;GB;0.03
TL Fiyat Listesi;CSP - Exchange Online (Plan 1);per User;203.61
TL Fiyat Listesi;CSP - Exchange Online (Plan 2);per User;407.21
TL Fiyat Listesi;CSP - Exchange Online Kiosk;per User;102.03
TL Fiyat Listesi;SPLA - MS Project Professional Lisans(Project Professional ALng LSA SAL w/1 Project Server SAL);Adet;1725.5
TL Fiyat Listesi;SPLA - Microsoft Project Standard Lisans (Project Standard ALng LSA SAL);Adet;1026.98
TL Fiyat Listesi;SPLA - MS SQL Server Enterprise Edition 2 Core Lisans (SQL Server Enterprise Core ALng LSA 2L);Adet;31256.83
TL Fiyat Listesi;SPLA - MS SQL Server Standart Edition 2 Core Lisans (SQL Server Standard Core ALng LSA 2L);Adet;8301.74
TL Fiyat Listesi;SPLA - MS SQL Server Web Edition 2 Core Lisans (SQL Server Web ALng LSA 2L Core);Adet;519.08
TL Fiyat Listesi;SPLA - MS Windows Server Datacenter Editon 2 Core Lisans (Win Server DC Core ALng LSA 2L);Adet;1940.74
TL Fiyat Listesi;SPLA - MS Windows Server Standard Editon 2 Core Lisans (Win Server Standard Core ALng LSA 2L);Adet;279.23
TL Fiyat Listesi;SPLA - RDP Kullanıcı Lisans - RDS User CAL (Win Remote Desktop Services SAL ALng LSA SAL);Adet;366.94
TL Fiyat Listesi;SPLA -Exchange Enterprise SAL (Exchange Enterprise SAL ALng LSA SAL);Adet;194.66
TL Fiyat Listesi;SPLA -Exchange Standard SAL (Exchange Standard SAL ALng LSA SAL);Adet;120.37
TL Fiyat Listesi;CSP - Microsoft 365 Apps for Business;per User;422.43
TL Fiyat Listesi;CSP - Microsoft 365 Apps for Enterprise;per User;610.82
TL Fiyat Listesi;CSP - Microsoft 365 Business Basic;per User;305.18
TL Fiyat Listesi;CSP-Microsoft 365 Business Premium;per User;1119.16
TL Fiyat Listesi;CSP - Microsoft 365 Business Standard;per User;635.88
TL Fiyat Listesi;CSP - Microsoft 365 E3;per User;1396.6
TL Fiyat Listesi;CSP - Microsoft 365 E5;per User;2465.64
TL Fiyat Listesi;CSP - Microsoft 365 F3;per User;407.21
TL Fiyat Listesi;CSP - Microsoft Defender for Office 365 (Plan 1);per User;102.03
TL Fiyat Listesi;CSP - Microsoft Teams Essentials;per User;203.61
TL Fiyat Listesi;CSP - Microsoft Visio Plan 1;per User;254.17
TL Fiyat Listesi;CSP - Microsoft Visio Plan 2;per User;762.96
TL Fiyat Listesi;CSP - Office 365 E1;per User;345.91
TL Fiyat Listesi;CSP - Office 365 E3;per User;735.22
TL Fiyat Listesi;Klasik Mimari Veeam Replication Disk - SSD;GB;3.58
TL Fiyat Listesi;CPU;vCPU;143.64
USD Fiyat Listesi;CPU;vCPU;3.21
Euro Fiyat Listesi;CPU;vCPU;2.72
TL Fiyat Listesi;RAM;GB;81.89
USD Fiyat Listesi;RAM;GB;1.83
Euro Fiyat Listesi;RAM;GB;1.55
TL Fiyat Listesi;Disk;GB;1.79
USD Fiyat Listesi;Disk;GB;0.04
Euro Fiyat Listesi;Disk;GB;0.03
TL Fiyat Listesi;OS Yönetim Hizmeti;per VM;670.78
USD Fiyat Listesi;OS Yönetim Hizmeti;per VM;14.99
Euro Fiyat Listesi;OS Yönetim Hizmeti;per VM;12.72
TL Fiyat Listesi;AlwaysOn Kurumsal Destek Hizmeti;per VM;33436.97
Euro Fiyat Listesi;AlwaysOn Kurumsal Destek Hizmeti;per VM;634.12
USD Fiyat Listesi;AlwaysOn Kurumsal Destek Hizmeti;per VM;747.22
TL Fiyat Listesi;FortiGate 600F Fiziksel Dedike Firewall;Adet;34456.35
USD Fiyat Listesi;FortiGate 600F Fiziksel Dedike Firewall;Adet;770.0
Euro Fiyat Listesi;FortiGate 600F Fiziksel Dedike Firewall;Adet;653.45
TL Fiyat Listesi;FortiGate 200F Fiziksel Dedike Firewall;Adet;2237.43
USD Fiyat Listesi;FortiGate 200F Fiziksel Dedike Firewall;Adet;50.0
Euro Fiyat Listesi;FortiGate 200F Fiziksel Dedike Firewall;Adet;42.43
USD Fiyat Listesi;CCSP-RH02825MO Red Hat Enterprise Linux Server, Full Support (128 to unlimited vCPUs per Virtual Node, Multi-Tenant, Monthly);Adet;7.28
Euro Fiyat Listesi;CCSP-RH02825MO Red Hat Enterprise Linux Server, Full Support (128 to unlimited vCPUs per Virtual Node, Multi-Tenant, Monthly);Adet;6.18
TL Fiyat Listesi;CCSP-RH02825MO Red Hat Enterprise Linux Server, Full Support (128 to unlimited vCPUs per Virtual Node, Multi-Tenant, Monthly);Adet;325.77
USD Fiyat Listesi;CCSP-RH02843MO Red Hat Enterprise Linux for SAP Applications, Diagnostic Support (128 to unlimited vCPUs per Virtual Node, Multi-Tenant, Monthly);Adet;6.07
Euro Fiyat Listesi;CCSP-RH02843MO Red Hat Enterprise Linux for SAP Applications, Diagnostic Support (128 to unlimited vCPUs per Virtual Node, Multi-Tenant, Monthly);Adet;5.15
TL Fiyat Listesi;CCSP-RH02843MO Red Hat Enterprise Linux for SAP Applications, Diagnostic Support (128 to unlimited vCPUs per Virtual Node, Multi-Tenant, Monthly);Adet;271.62
USD Fiyat Listesi;CCSP-RH02841MO Red Hat Enterprise Linux for SAP Applications, Diagnostic Support (1 to 8 vCPUs per Virtual Node, Multi-Tenant, Monthly);Virtual Node;9.34
Euro Fiyat Listesi;CCSP-RH02841MO Red Hat Enterprise Linux for SAP Applications, Diagnostic Support (1 to 8 vCPUs per Virtual Node, Multi-Tenant, Monthly);Virtual Node;7.93
TL Fiyat Listesi;CCSP-RH02841MO Red Hat Enterprise Linux for SAP Applications, Diagnostic Support (1 to 8 vCPUs per Virtual Node, Multi-Tenant, Monthly);Virtual Node;417.95
USD Fiyat Listesi;CCSP-RH02842MO Red Hat Enterprise Linux for SAP Applications, Diagnostic Support (9 to 127 vCPUs per Virtual Node, Multi-Tenant, Monthly);Virtual Node;7.0
Euro Fiyat Listesi;CCSP-RH02842MO Red Hat Enterprise Linux for SAP Applications, Diagnostic Support (9 to 127 vCPUs per Virtual Node, Multi-Tenant, Monthly);Virtual Node;5.94
TL Fiyat Listesi;CCSP-RH02842MO Red Hat Enterprise Linux for SAP Applications, Diagnostic Support (9 to 127 vCPUs per Virtual Node, Multi-Tenant, Monthly);Virtual Node;313.24
TL Fiyat Listesi;Premium Windows İşletim Sistemi Yönetim Hizmeti;per VM;734.77
USD Fiyat Listesi;Premium Windows İşletim Sistemi Yönetim Hizmeti;per VM;16.42
Euro Fiyat Listesi;Premium Windows İşletim Sistemi Yönetim Hizmeti;per VM;13.93
USD Fiyat Listesi;CCSP-RH00233 RedHatEnterpriseLinuxServerVirtualDatacentersforSP,FullSupport(P.NodeDedicatedYearly);Adet;3339.6
USD Fiyat Listesi;CCSP-MCT3024 Red Hat Satellite for Service Providers, Full Support (Socket-Pair, Yearly);Adet;199.87
USD Fiyat Listesi;CCSP-MCT3025 Red Hat Satellite for Service Providers, Full Support (Socket-Pair, Monthly);Adet;17.71
USD Fiyat Listesi;CCSP-RH00235 RedHatEnterpriseLinuxServerVirtualDatacentersforSP,FullSupport(P.NodeDedicatedMonthly);Adet;303.6
USD Fiyat Listesi;CCSP-RH00232 RedHat EnterpriseLinuxServerforSP,FullSupport(PhysicalorVirtualNodes,Dedicated,Yearly);Adet;1085.37
Euro Fiyat Listesi;CCSP-MCT3024 Red Hat Satellite for Service Providers, Full Support (Socket-Pair, Yearly);Adet;169.62
TL Fiyat Listesi;CCSP-MCT3024 Red Hat Satellite for Service Providers, Full Support (Socket-Pair, Yearly);Adet;8943.88
Euro Fiyat Listesi;CCSP-MCT3025 Red Hat Satellite for Service Providers, Full Support (Socket-Pair, Monthly);Adet;15.03
TL Fiyat Listesi;CCSP-MCT3025 Red Hat Satellite for Service Providers, Full Support (Socket-Pair, Monthly);Adet;792.5
Euro Fiyat Listesi;CCSP-MCT3027 Red Hat Satellite for Service Providers, Full Support (Managed Node, Monthly);Adet;5.37
TL Fiyat Listesi;CCSP-MCT3027 Red Hat Satellite for Service Providers, Full Support (Managed Node, Monthly);Adet;283.26
Euro Fiyat Listesi;CCSP-RH00232 RedHat EnterpriseLinuxServerforSP,FullSupport(PhysicalorVirtualNodes,Dedicated,Yearly);Adet;921.09
TL Fiyat Listesi;CCSP-RH00232 RedHat EnterpriseLinuxServerforSP,FullSupport(PhysicalorVirtualNodes,Dedicated,Yearly);Adet;48568.68
Euro Fiyat Listesi;CCSP-RH00233 RedHatEnterpriseLinuxServerVirtualDatacentersforSP,FullSupport(P.NodeDedicatedYearly);Adet;2834.11
TL Fiyat Listesi;CCSP-RH00233 RedHatEnterpriseLinuxServerVirtualDatacentersforSP,FullSupport(P.NodeDedicatedYearly);Adet;149442.09
Euro Fiyat Listesi;CCSP-RH00235 RedHatEnterpriseLinuxServerVirtualDatacentersforSP,FullSupport(P.NodeDedicatedMonthly);Adet;257.65
TL Fiyat Listesi;CCSP-RH00235 RedHatEnterpriseLinuxServerVirtualDatacentersforSP,FullSupport(P.NodeDedicatedMonthly);Adet;13585.64
TL Fiyat Listesi;CCSP-RH02823 Red Hat Enterprise Linux Server, Full Support (1 to 8 vCPUs per Virtual Node, Multi-Tenant, Yearly);Adet;5214.1
Euro Fiyat Listesi;CCSP-RH02823 Red Hat Enterprise Linux Server, Full Support (1 to 8 vCPUs per Virtual Node, Multi-Tenant, Yearly);Adet;98.88
Euro Fiyat Listesi;CCSP-RH02823MO RedHat Enterprise Linux Server, Full Support (1 to 8 vCPUs per Virtual Node, Multi-Tenant, Monthly);vCPU;9.5
TL Fiyat Listesi;CCSP-RH02823MO RedHat Enterprise Linux Server, Full Support (1 to 8 vCPUs per Virtual Node, Multi-Tenant, Monthly);vCPU;501.18
Euro Fiyat Listesi;CCSP-RH02824MO Red Hat Enterprise Linux Server, Full Support (9 to 127 vCPUs per Virtual Node, Multi-Tenant, Monthly);vCPU;7.14
TL Fiyat Listesi;CCSP-RH02824MO Red Hat Enterprise Linux Server, Full Support (9 to 127 vCPUs per Virtual Node, Multi-Tenant, Monthly);vCPU;376.33
Euro Fiyat Listesi;CCSP-RH02825MO RedHat Enterprise Linux Server,Full Support(128 to unlimited vCPUs,Multi-Tenant,Monthly);vCPU;6.18
TL Fiyat Listesi;CCSP-RH02825MO RedHat Enterprise Linux Server,Full Support(128 to unlimited vCPUs,Multi-Tenant,Monthly);vCPU;325.77
Euro Fiyat Listesi;FortiGate 100F Fiziksel Dedike Firewall;Adet;910.04
USD Fiyat Listesi;FortiGate 100F Fiziksel Dedike Firewall;Adet;1072.35
TL Fiyat Listesi;Yedekleme Hizmeti;GB;0.89
USD Fiyat Listesi;Yedekleme Hizmeti;GB;0.02
Euro Fiyat Listesi;Yedekleme Hizmeti;GB;0.02
TL Fiyat Listesi;Kullanıcı Lisansı;Adet;200.92
USD Fiyat Listesi;Kullanıcı Lisansı;Adet;4.49
Euro Fiyat Listesi;Kullanıcı Lisansı;Adet;3.81
TL Fiyat Listesi;Bulut Depolama Alanı;TB;2096.47
USD Fiyat Listesi;Bulut Depolama Alanı;TB;46.85
Euro Fiyat Listesi;Bulut Depolama Alanı;TB;39.76
TL Fiyat Listesi;Veri Merkezi Erişim ve L3 DDoS Hizmeti;Mbit;328.9
USD Fiyat Listesi;Veri Merkezi Erişim ve L3 DDoS Hizmeti;Mbit;7.35
Euro Fiyat Listesi;Veri Merkezi Erişim ve L3 DDoS Hizmeti;Mbit;6.24
USD Fiyat Listesi;Klasik Mimari Intel Disk - SSD Hybrid;GB;0.08
Euro Fiyat Listesi;Klasik Mimari Intel Disk - SSD Hybrid;GB;0.07
Euro Fiyat Listesi;Klasik Mimari Intel Disk - SSD Hybrid - DR;GB;0.07
USD Fiyat Listesi;Klasik Mimari Intel Disk - SSD Hybrid - DR;GB;0.08
USD Fiyat Listesi;Klasik Mimari Veeam Replication Disk - SSD;GB;0.08
Euro Fiyat Listesi;Klasik Mimari Veeam Replication Disk - SSD;GB;0.07
USD Fiyat Listesi;Klasik Mimari Zerto Replication Disk - SSD;GB;0.08
Euro Fiyat Listesi;Klasik Mimari Zerto Replication Disk - SSD;GB;0.07
TL Fiyat Listesi;Replikasyon Yönetim Hizmeti;per VM;410.79
USD Fiyat Listesi;Replikasyon Yönetim Hizmeti;per VM;9.18
Euro Fiyat Listesi;Replikasyon Yönetim Hizmeti;per VM;7.79
USD Fiyat Listesi;Replikasyon Lisansı;Adet;30.0
TL Fiyat Listesi;Replikasyon Lisansı;Adet;1342.46
Euro Fiyat Listesi;Replikasyon Lisansı;Adet;25.46
TL Fiyat Listesi;IBM ICOS S3 Hizmeti;Adet;1372.44
USD Fiyat Listesi;IBM ICOS S3 Hizmeti;Adet;30.67
Euro Fiyat Listesi;IBM ICOS S3 Hizmeti;Adet;26.03
TL Fiyat Listesi;FortiGate FG-VM04V UTP 12 Ay;Adet;34161.0
TL Fiyat Listesi;FortiGate FG-VM08V UTP 12 Ay;Adet;89289.81
TL Fiyat Listesi;FortiGate - Sanal Dedike Appliance - VM01 - FortiCare Lisans - Yönetim Dahil;Adet;8356.78
TL Fiyat Listesi;Hyperconverged İmaj Yedekleme Hizmeti;GB;1.79
TL Fiyat Listesi;Hyperconverged Mimari Intel CPU;vCPU;220.61
TL Fiyat Listesi;Hyperconverged Mimari Intel CPU - DR;vCPU;73.39
TL Fiyat Listesi;Hyperconverged Mimari Intel Disk - SSD;GB;1.79
TL Fiyat Listesi;Hyperconverged Mimari Intel Disk - SSD - DR;GB;1.79
TL Fiyat Listesi;Hyperconverged Mimari Intel Disk - SSD Hybrid;GB;1.79
TL Fiyat Listesi;Hyperconverged Mimari Intel Disk - SSD Hybrid - DR;GB;1.79
TL Fiyat Listesi;Hyperconverged Mimari Intel RAM;GB;153.93
TL Fiyat Listesi;Hyperconverged Mimari Intel RAM - DR;GB;51.46
TL Fiyat Listesi;IBM ICOS S3 Ankara;TB;732.98
TL Fiyat Listesi;IBM ICOS S3 İstanbul;TB;732.98
TL Fiyat Listesi;Klasik Mimari Intel CPU;vCPU;289.52
TL Fiyat Listesi;Klasik Mimari Intel CPU - DR;vCPU;88.6
TL Fiyat Listesi;Klasik Mimari Intel Disk - NVMe;GB;7.16
TL Fiyat Listesi;Klasik Mimari Intel Disk - NVMe - DR;GB;7.16
TL Fiyat Listesi;Klasik Mimari Intel Disk - SSD Hybrid;GB;3.58
TL Fiyat Listesi;Klasik Mimari Intel Disk - SSD Hybrid - DR;GB;3.58
TL Fiyat Listesi;Klasik Mimari Intel RAM;GB;84.57
TL Fiyat Listesi;Klasik Mimari Intel RAM - DR;GB;25.95
TL Fiyat Listesi;Data Switch Port ve SFP Hizmeti;Adet;3817.94
TL Fiyat Listesi;Management Switch Port Hizmeti;Adet;757.14
TL Fiyat Listesi;Palo Alto Dedike Firewall Yönetim Hizmeti;Adet;8745.68
TL Fiyat Listesi;Plesk Web Admin Edition VPS (10 Domains);Adet;874.39
TL Fiyat Listesi;Plesk Web Host Edition VPS (Unlimited Domains);Adet;3241.58
TL Fiyat Listesi;Plesk Web Pro Edition VPS (30 Domains);Adet;1543.38
TL Fiyat Listesi;Premium Monitoring Hizmeti;per VM;914.21
TL Fiyat Listesi;Public IPv4 Blok /24 - 256 Adet IP;Adet;54510.83
TL Fiyat Listesi;Public IPv4 Blok /25 - 128 Adet IP;Adet;27255.42
TL Fiyat Listesi;Public IPv4 Blok /26 - 64 Adet IP;Adet;13627.71
TL Fiyat Listesi;Public IPv4 Blok /27 - 32 Adet IP;Adet;6813.85
TL Fiyat Listesi;Public IPv4 Blok /28 - 16 Adet IP;Adet;3407.15
TL Fiyat Listesi;Public IPv4 Blok /29 - 8 Adet IP;Adet;1703.58
TL Fiyat Listesi;Public IPv4 Blok /30 - 4 Adet IP;Adet;851.56
TL Fiyat Listesi;Public IPv4 Blok /31 - 2 Adet IP;Adet;426.01
TL Fiyat Listesi;Public IPv4 Blok /32 - 1 Adet IP;Adet;213.0
TL Fiyat Listesi;Public IPv6 Blok  /48;Adet;851.56
TL Fiyat Listesi;Public IPv6 Blok /56;Adet;426.01
TL Fiyat Listesi;Public IPv6 Blok /64;Adet;213.0
TL Fiyat Listesi;Public IPv6 Blok /120;Adet;106.5
TL Fiyat Listesi;Public IPv6 Yönlendirme Hizmeti (Only /48 Blok);Adet;1997.57
TL Fiyat Listesi;SAP Intel HANA CPU;vCPU;289.52
TL Fiyat Listesi;SAP Intel HANA RAM;GB;84.57
TL Fiyat Listesi;SAP Intel HANA Storage - Nvme;GB;8.5
TL Fiyat Listesi;SAP Intel HANA Storage - SSD;GB;4.47
TL Fiyat Listesi;SAP Intel HANA Storage - SSD Hybrid;GB;4.47
TL Fiyat Listesi;SAP Power HANA CPU;Core;6444.23
TL Fiyat Listesi;SAP Power HANA RAM;GB;161.09
TL Fiyat Listesi;SAP Power HANA Storage - NVMe;GB;2.24
TL Fiyat Listesi;SAP Power HANA Storage - SSD;GB;4.47
TL Fiyat Listesi;SAP Power HANA Storage - SSD Hybrid;GB;4.47
TL Fiyat Listesi;Sophos Load Balancer - HTTP/S;Adet;433.17
TL Fiyat Listesi;Sophos Load Balancer;Adet;385.73
TL Fiyat Listesi;Sophos SSL VPN;per User;1.34
TL Fiyat Listesi;Sophos UTM Firewall ve Yönetim Hizmeti;Adet;524.9
TL Fiyat Listesi;Sophos UTM Sanal Dedike Firewall ve Yönetim Hizmeti;Adet;524.9
TL Fiyat Listesi;Sophos UTM Sanal Dedike Firewall ve Yönetim Hizmeti - Per VM;Adet;524.9
TL Fiyat Listesi;Sophos WAF;Adet;236.27
TL Fiyat Listesi;Standart DDoS Hizmeti (L3);Mbit;112.77
TL Fiyat Listesi;Standart Intel Linux İşletim Sistemi Yönetim Hizmeti;per VM;1078.44
TL Fiyat Listesi;Standart Monitoring Hizmeti;per VM;520.87
TL Fiyat Listesi;Standart Windows İşletim Sistemi Yönetim Hizmeti;per VM;1078.44
TL Fiyat Listesi;SUSE for SAP HANA on Intel Yönetim Hizmeti;per VM;2464.75
TL Fiyat Listesi;SUSE for SAP HANA on Power Yönetim Hizmeti;per VM;2464.75
TL Fiyat Listesi;Uygulama Yedekleme Hizmeti (Veritas NetBackup);GB;1.79
TL Fiyat Listesi;Veeam Cloud Connect Backup Lisansı (Customer Does Not Have Veeam);per VM;407.66
TL Fiyat Listesi;Veeam Cloud Connect Backup Lisansı (Customer Has Veeam);per VM;226.43
TL Fiyat Listesi;Klasik Mimari Veeam Replication Disk - NVMe;GB;7.16
TL Fiyat Listesi;Veeam Cloud Connect Replication Lisansı (Customer does not have Veeam);per VM;860.96
TL Fiyat Listesi;Veeam Cloud Connect Replication Lisansı (Customer Has Veeam);per VM;453.3
TL Fiyat Listesi;Klasik Mimari Veeam Replication RAM;GB;25.95
TL Fiyat Listesi;Klasik Mimari Veeam Replication vCpu;vCPU;88.6
TL Fiyat Listesi;Veeam Replikasyon Yönetim Hizmeti;Adet;924.5
TL Fiyat Listesi;Veri Merkezi Erişim Hizmeti;Mbit;225.98
TL Fiyat Listesi;Hyperconverged Mimari Veeam Replication Disk - SSD;GB;1.79
TL Fiyat Listesi;Hyperconverged Mimari Veeam Replication Disk - SSD Hybrid;GB;1.79
TL Fiyat Listesi;Hyperconverged Mimari Veeam Replication RAM;GB;51.46
TL Fiyat Listesi;Hyperconverged Mimari Veeam Replication vCpu;vCPU;73.39
TL Fiyat Listesi;Zerto Replikasyon Yönetim Hizmeti;Adet;924.5
USD Fiyat Listesi;Veeam Backup & Replication Standard Lisansı;per VM;4.95
USD Fiyat Listesi;CSP - Exchange Online (Plan 1);per User;4.55
USD Fiyat Listesi;CSP - Exchange Online (Plan 2);per User;9.1
USD Fiyat Listesi;CSP - Exchange Online Kiosk;per User;2.28
USD Fiyat Listesi;SPLA - MS Project Professional Lisans(Project Professional ALng LSA SAL w/1 Project Server SAL);Adet;38.56
USD Fiyat Listesi;SPLA - Microsoft Project Standard Lisans (Project Standard ALng LSA SAL);Adet;22.95
USD Fiyat Listesi;SPLA - MS SQL Server Enterprise Edition 2 Core Lisans (SQL Server Enterprise Core ALng LSA 2L);Adet;698.5
USD Fiyat Listesi;SPLA - MS SQL Server Standart Edition 2 Core Lisans (SQL Server Standard Core ALng LSA 2L);Adet;185.52
USD Fiyat Listesi;SPLA - MS SQL Server Web Edition 2 Core Lisans (SQL Server Web ALng LSA 2L Core);Adet;11.6
USD Fiyat Listesi;SPLA - MS Windows Server Datacenter Editon 2 Core Lisans (Win Server DC Core ALng LSA 2L);Adet;43.37
USD Fiyat Listesi;SPLA - MS Windows Server Standard Editon 2 Core Lisans (Win Server Standard Core ALng LSA 2L);Adet;6.24
USD Fiyat Listesi;SPLA - RDP Kullanıcı Lisans - RDS User CAL (Win Remote Desktop Services SAL ALng LSA SAL);Adet;8.2
USD Fiyat Listesi;SPLA -Exchange Enterprise SAL (Exchange Enterprise SAL ALng LSA SAL);Adet;4.35
USD Fiyat Listesi;SPLA -Exchange Standard SAL (Exchange Standard SAL ALng LSA SAL);Adet;2.69
USD Fiyat Listesi;CSP - Microsoft 365 Apps for Business;per User;9.44
USD Fiyat Listesi;CSP - Microsoft 365 Apps for Enterprise;per User;13.65
USD Fiyat Listesi;CSP - Microsoft 365 Business Basic;per User;6.82
USD Fiyat Listesi;CSP-Microsoft 365 Business Premium;per User;25.01
USD Fiyat Listesi;CSP - Microsoft 365 Business Standard;per User;14.21
USD Fiyat Listesi;CSP - Microsoft 365 E3;per User;31.21
USD Fiyat Listesi;CSP - Microsoft 365 E5;per User;55.1
USD Fiyat Listesi;CSP - Microsoft 365 F3;per User;9.1
USD Fiyat Listesi;CSP - Microsoft Defender for Office 365 (Plan 1);per User;2.28
USD Fiyat Listesi;CSP - Microsoft Teams Essentials;per User;4.55
USD Fiyat Listesi;CSP - Microsoft Visio Plan 1;per User;5.68
USD Fiyat Listesi;Public Cloud - Accelerated_GLs48s_v6;Adet;9001.0
TL Fiyat Listesi;Public Cloud - Accelerated_GLs48s_v6;Adet;402781.25
Euro Fiyat Listesi;Public Cloud - Accelerated_GLs48s_v6;Adet;7638.59
USD Fiyat Listesi;Public Cloud - Accelerated_GLs8Ds_v4;Adet;1750.0
TL Fiyat Listesi;Public Cloud - Accelerated_GLs8Ds_v4;Adet;78309.88
Euro Fiyat Listesi;Public Cloud - Accelerated_GLs8Ds_v4;Adet;1485.12
USD Fiyat Listesi;Public Cloud - Accelerated_GLs16Ds_v4;Adet;3500.0
Euro Fiyat Listesi;Public Cloud - Accelerated_GLs16Ds_v4;Adet;2970.23
TL Fiyat Listesi;Public Cloud - Accelerated_GLs16Ds_v4;Adet;156619.75
USD Fiyat Listesi;Exchange Yönetim Hizmeti;Adet;110.0
TL Fiyat Listesi;Exchange Yönetim Hizmeti;Adet;4922.34
Euro Fiyat Listesi;Exchange Yönetim Hizmeti;Adet;93.35
TL Fiyat Listesi;Klasik Mimari Intel Disk - SSD;GB;3.58
USD Fiyat Listesi;Klasik Mimari Intel Disk - SSD;GB;0.08
Euro Fiyat Listesi;Klasik Mimari Intel Disk - SSD;GB;0.07
TL Fiyat Listesi;Klasik Mimari Intel Disk - SSD -DR;GB;3.58
Euro Fiyat Listesi;Klasik Mimari Intel Disk - SSD -DR;GB;0.07
USD Fiyat Listesi;Klasik Mimari Intel Disk - SSD -DR;GB;0.08
TL Fiyat Listesi;Klasik Mimari İmaj Yedekleme (Veritas Netbackup);GB;1.79
USD Fiyat Listesi;Klasik Mimari İmaj Yedekleme (Veritas Netbackup);GB;0.04
Euro Fiyat Listesi;Klasik Mimari İmaj Yedekleme (Veritas Netbackup);GB;0.03
TL Fiyat Listesi;Klasik Mimari Zerto Replication Disk - SSD;GB;3.58
USD Fiyat Listesi;MS Windows Lisans;per VM;8.8
TL Fiyat Listesi;MS Windows Lisans;per VM;393.79
Euro Fiyat Listesi;MS Windows Lisans;per VM;7.47
TL Fiyat Listesi;FortiGate - Sanal Dedike Appliance - VM01 - ATP Lisans - Yönetim Dahil;Adet;9265.62
USD Fiyat Listesi;FortiGate - Sanal Dedike Appliance - VM01 - ATP Lisans - Yönetim Dahil;Adet;207.06
Euro Fiyat Listesi;FortiGate - Sanal Dedike Appliance - VM01 - ATP Lisans - Yönetim Dahil;Adet;175.72
TL Fiyat Listesi;FortiGate - Sanal Dedike Appliance - VM01 - UTP Lisans - Yönetim Dahil;Adet;10174.02
USD Fiyat Listesi;FortiGate - Sanal Dedike Appliance - VM01 - UTP Lisans - Yönetim Dahil;Adet;227.36
Euro Fiyat Listesi;FortiGate - Sanal Dedike Appliance - VM01 - UTP Lisans - Yönetim Dahil;Adet;192.95
TL Fiyat Listesi;FortiGate - Sanal Dedike Appliance -  VM04 - FortiCare Lisans - Yönetim Dahil;Adet;22967.62
USD Fiyat Listesi;FortiGate - Sanal Dedike Appliance -  VM04 - FortiCare Lisans - Yönetim Dahil;Adet;513.26
Euro Fiyat Listesi;FortiGate - Sanal Dedike Appliance -  VM04 - FortiCare Lisans - Yönetim Dahil;Adet;435.57
TL Fiyat Listesi;FortiGate - Sanal Dedike Appliance -  VM04 - ATP Lisans - Yönetim Dahil;Adet;26665.63
USD Fiyat Listesi;FortiGate - Sanal Dedike Appliance -  VM04 - ATP Lisans - Yönetim Dahil;Adet;595.9
Euro Fiyat Listesi;FortiGate - Sanal Dedike Appliance -  VM04 - ATP Lisans - Yönetim Dahil;Adet;505.7
TL Fiyat Listesi;FortiGate - Sanal Dedike Appliance -  VM04 - UTP Lisans - Yönetim Dahil;Adet;30342.17
USD Fiyat Listesi;FortiGate - Sanal Dedike Appliance -  VM04 - UTP Lisans - Yönetim Dahil;Adet;678.06
Euro Fiyat Listesi;FortiGate - Sanal Dedike Appliance -  VM04 - UTP Lisans - Yönetim Dahil;Adet;575.43
TL Fiyat Listesi;FortiGate - Sanal Dedike Appliance -  VM08 - FortiCare Lisans - Yönetim Dahil;Adet;43464.67
USD Fiyat Listesi;FortiGate - Sanal Dedike Appliance -  VM08 - FortiCare Lisans - Yönetim Dahil;Adet;971.31
Euro Fiyat Listesi;FortiGate - Sanal Dedike Appliance -  VM08 - FortiCare Lisans - Yönetim Dahil;Adet;824.29
TL Fiyat Listesi;FortiGate - Sanal Dedike Appliance -  VM08 - ATP Lisans - Yönetim Dahil;Adet;50987.78
USD Fiyat Listesi;FortiGate - Sanal Dedike Appliance -  VM08 - ATP Lisans - Yönetim Dahil;Adet;1139.43
Euro Fiyat Listesi;FortiGate - Sanal Dedike Appliance -  VM08 - ATP Lisans - Yönetim Dahil;Adet;966.96
TL Fiyat Listesi;FortiGate - Sanal Dedike Appliance -  VM08 - UTP Lisans - Yönetim Dahil;Adet;58510.45
USD Fiyat Listesi;FortiGate - Sanal Dedike Appliance -  VM08 - UTP Lisans - Yönetim Dahil;Adet;1307.54
Euro Fiyat Listesi;FortiGate - Sanal Dedike Appliance -  VM08 - UTP Lisans - Yönetim Dahil;Adet;1109.63
TL Fiyat Listesi;Sophos Firewall Yönetim Hizmeti;Adet;7248.36
USD Fiyat Listesi;Sophos Firewall Yönetim Hizmeti;Adet;161.98
Euro Fiyat Listesi;Sophos Firewall Yönetim Hizmeti;Adet;137.46
TL Fiyat Listesi;Veri Merkezi Barındırma Hizmeti (U);U;3553.48
TL Fiyat Listesi;Veri Merkezi Enerji Birim Bedeli;kW;13393.67
TL Fiyat Listesi;Veri Merkezi Barındırma Hizmeti (Standart Kabinet);Adet;149245.2
TL Fiyat Listesi;Veri Merkezi Barındırma Hizmeti (Standart Dışı Kabinet);Adet;184779.98
USD Fiyat Listesi;Veri Merkezi Barındırma Hizmeti (Standart Dışı Kabinet);Adet;4129.3
Euro Fiyat Listesi;Veri Merkezi Barındırma Hizmeti (Standart Dışı Kabinet);Adet;3504.28
USD Fiyat Listesi;Veri Merkezi Barındırma Hizmeti (Standart Kabinet);Adet;3335.2
Euro Fiyat Listesi;Veri Merkezi Barındırma Hizmeti (Standart Kabinet);Adet;2830.38
USD Fiyat Listesi;Veri Merkezi Barındırma Hizmeti (U);U;79.41
Euro Fiyat Listesi;Veri Merkezi Barındırma Hizmeti (U);U;67.39
USD Fiyat Listesi;Veri Merkezi Enerji Birim Bedeli;kW;299.31
Euro Fiyat Listesi;Veri Merkezi Enerji Birim Bedeli;kW;254.01
